Brewery1, Beer Name, Brewed in (location), ABV (alcohol volume), Style, Score, Ratings, Availability, Added On
1188 Brewing Company,1188 Disruptor,Oregon,6.50%,Doppelbock,3.35,Okay,Rotating,07-21-2014
1188 Brewing Company,Big Al's Amber,Oregon,not listed,American Amber / Red Ale,3.77,Very Good,Rotating,04-02-2015
1188 Brewing Company,Black Oak Instigator,Oregon,8.00%,American Porter,0,,Rotating,10-15-2014
1188 Brewing Company,Box Canyon Pale,Oregon,5.00%,American Pale Ale (APA),0,,Rotating,10-15-2014
1188 Brewing Company,Mazelnut Brown Ale,Oregon,not listed,American Brown Ale,4.75,World-Class,Fall,10-07-2014
1188 Brewing Company,Wild Horse IPA,Oregon,not listed,American IPA,3.71,Good,Year-round,04-02-2015
12 Acres Brewing Company,12 Acres Pale Ale,Ireland,4.60%,American Pale Ale (APA),3.88,Very Good,Year-round,12-31-2014
12 Acres Brewing Company,Golden Harvest Pale Ale,Ireland,4.20%,American Pale Ale (APA),3.51,Good,Year-round,10-08-2016
12 Gates Brewing Company,12 Gates / Community Beer Works Resting Peach Face,New York,3.60%,Berliner Weissbier,4,Exceptional,Limited (brewed once),09-26-2017
12 Gates Brewing Company,12 Gates White,New York,5.30%,Witbier,4,Exceptional,Rotating,01-08-2016
12 Gates Brewing Company,Ales for ALS Double IPA,New York,9.60%,American Double / Imperial IPA,3.47,Okay,Rotating,01-12-2017
12 Gates Brewing Company,Apricot Wheat,New York,4.80%,American Pale Wheat Ale,3.46,Okay,Spring,04-06-2017
12 Gates Brewing Company,Bleeding Heart Red Rye,New York,6.50%,Rye Beer,3.94,Very Good,Rotating,03-04-2016
12 Gates Brewing Company,Buffalo Tripel,New York,9.60%,Tripel,3.94,Very Good,Rotating,01-12-2017
12 Gates Brewing Company,Cherry Vanilla Wheat,New York,4.80%,American Pale Wheat Ale,3.27,Okay,Rotating,04-06-2017
12 Gates Brewing Company,Coffee Porter,New York,5.80%,American Porter,3.77,Very Good,Rotating,01-08-2016
12 Gates Brewing Company,Doublegate,New York,8.50%,American Double / Imperial IPA,2.85,Poor,Rotating,04-03-2016
12 Gates Brewing Company,Dunkelweizen,New York,4.80%,Dunkelweizen,3.99,Very Good,Fall,11-20-2016
12 Gates Brewing Company,Elderberry Wheat,New York,4.80%,American Pale Wheat Ale,0,,Rotating,04-06-2017
12 Gates Brewing Company,Grave Concerns,New York,8.40%,American Double / Imperial Stout,3.67,Good,Rotating,01-12-2017
12 Gates Brewing Company,Grave Concerns: With Vanilla And Coffee Beans,New York,8.40%,American Double / Imperial Stout,3.8,Very Good,Limited (brewed once),01-12-2017
12 Gates Brewing Company,Oak Aged Under The Southern Cross IPA,New York,7.00%,American IPA,0,,Rotating,04-06-2017
12 Gates Brewing Company,Pale Ale,New York,5.90%,American Pale Ale (APA),3.75,Very Good,Rotating,08-22-2016
12 Gates Brewing Company,Session IPA,New York,4.80%,American IPA,3.77,Very Good,Rotating,01-08-2016
12 Gates Brewing Company,Summer Saison,New York,5.40%,Saison / Farmhouse Ale,3.96,Very Good,Summer,06-05-2017
12 Gates Brewing Company,Under The Southern Cross IPA,New York,6.50%,American IPA,4.02,Exceptional,Rotating,01-08-2016
12 Gates Brewing Company,Water Mill Pils,New York,5.70%,German Pilsener,3.81,Very Good,Rotating,08-22-2016
12 Gates Brewing Company,West Coast IPA,New York,6.90%,American IPA,3.47,Okay,Rotating,01-08-2016
12 Gates Brewing Company,Wind Forge IPA,New York,6.20%,American IPA,0,,Rotating,04-06-2017
12 Gates Brewing Company,Yoga Pants American Blonde Ale,New York,4.50%,American Blonde Ale,3.39,Okay,Year-round,04-06-2017
12 String Brewing Company,12 Strings Of Winter,Washington,6.30%,Winter Warmer,3.78,Very Good,Winter,11-15-2013
12 String Brewing Company,Archtop Amber,Washington,5.50%,American Amber / Red Ale,3.25,Okay,Rotating,11-15-2013
12 String Brewing Company,Arpeggio Pale Ale,Washington,4.70%,American Pale Ale (APA),3.65,Good,Rotating,01-18-2014
12 String Brewing Company,Batch 201 IPA,Washington,8.10%,American IPA,3.98,Very Good,Year-round,03-22-2015
12 String Brewing Company,Bourbon Barrel Double Chocolate Double Stout,Washington,9.50%,American Double / Imperial Stout,4.74,World-Class,Limited (brewed once),09-24-2017
12 String Brewing Company,C#7#5 IPA,Washington,6.80%,American IPA,3.82,Very Good,Rotating,11-15-2013
12 String Brewing Company,Cognac BA Grapefruit Sour,Washington,5.50%,American Wild Ale,0,,Limited (brewed once),01-03-2017
12 String Brewing Company,Crescendo,Washington,5.80%,Dunkelweizen,3.53,Good,Fall,10-06-2015
12 String Brewing Company,Don't Fret Porter,Washington,not listed,American Porter,3.76,Very Good,Year-round,12-18-2011
12 String Brewing Company,Double Drop D,Washington,9.00%,American Double / Imperial Stout,4.24,Exceptional,Year-round,03-22-2015
12 String Brewing Company,Drop D Stout,Washington,6.00%,American Stout,3.73,Good,Rotating,11-15-2013
12 String Brewing Company,Electric Slide IPA,Washington,7.00%,American IPA,3.96,Very Good,Rotating,11-15-2013
12 String Brewing Company,Finger Pickin' Pale Ale,Washington,4.30%,American Pale Ale (APA),3.75,Very Good,Rotating,11-15-2013
12 String Brewing Company,Fresh Hop Simcoe IPA,Washington,6.00%,American IPA,3.71,Good,Fall,10-03-2016
12 String Brewing Company,G String Blonde,Washington,5.40%,American Blonde Ale,3.12,Okay,Rotating,11-15-2013
12 String Brewing Company,Gin BA Blackberry Golden Strong Ale,Washington,7.90%,American Strong Ale,0,,Limited (brewed once),01-03-2017
12 String Brewing Company,Harmonic Hefeweizen,Washington,5.10%,Hefeweizen,0,,Summer,08-07-2015
12 String Brewing Company,Harvest Ale,Washington,not listed,American Brown Ale,3.49,Okay,Fall,11-07-2011
12 String Brewing Company,Jam Session IPA,Washington,7.00%,American IPA,3.97,Very Good,Rotating,11-15-2013
12 String Brewing Company,Mango Mambo,Washington,4.30%,Hefeweizen,3.76,Very Good,Rotating,01-01-2015
12 String Brewing Company,Palouse Hoppin' ISA,Washington,4.60%,American IPA,0,,Rotating,01-01-2015
12 String Brewing Company,Red Guitar Red Ale,Washington,5.20%,American Amber / Red Ale,3.91,Very Good,Limited (brewed once),03-12-2017
12 String Brewing Company,Rhythmic Rye,Washington,not listed,American IPA,3.81,Very Good,Rotating,08-30-2013
12 String Brewing Company,Spring Reverb,Washington,5.50%,American Pale Ale (APA),3.83,Very Good,Spring,03-24-2013
12 String Brewing Company,Valley Red,Washington,5.10%,American Amber / Red Ale,4.17,Exceptional,Year-round,10-06-2015
12 West Brewing Co.,# It's Okay,Arizona,5.80%,Berliner Weissbier,3.75,Very Good,Limited (brewed once),01-07-2017
12 West Brewing Co.,Fox On A Shelf,Arizona,6.00%,American Amber / Red Ale,3.25,Okay,Year-round,01-07-2017
12 West Brewing Co.,Fresh Prince Of Bel-Ale,Arizona,5.20%,American Blonde Ale,3.5,Good,Year-round,01-07-2017
12 West Brewing Co.,Frontside IPA,Arizona,7.20%,American IPA,3.5,Good,Year-round,01-07-2017
12 West Brewing Co.,K-Lax,Arizona,7.20%,American IPA,4.26,Outstanding,Year-round,08-12-2017
12 West Brewing Co.,Midnight Run,Arizona,5.30%,American Stout,4,Exceptional,Year-round,01-07-2017
12 West Brewing Co.,Mijo,Arizona,10.40%,American Double / Imperial IPA,3.75,Very Good,Year-round,01-07-2017
12 West Brewing Co.,Suh Dude,Arizona,5.00%,American Brown Ale,3.5,Good,Year-round,01-07-2017
12 West Brewing Co.,Sunday Morning Saison,Arizona,6.80%,Saison / Farmhouse Ale,3.25,Okay,Year-round,01-07-2017
12 West Brewing Co.,Wheat Didn't Start The Fire,Arizona,7.80%,American Pale Wheat Ale,3,Okay,Year-round,01-07-2017
12 West Brewing Co.,Wild Card,Arizona,5.00%,American Pale Ale (APA),3,Okay,Year-round,01-07-2017
127 Brewing Company,482 Bitter,Michigan,7.20%,English Strong Ale,3.99,Very Good,Rotating,07-14-2017
127 Brewing Company,Big Gold,Michigan,5.80%,American Pale Ale (APA),3.5,Good,Rotating,06-03-2014
127 Brewing Company,Hex Porter,Michigan,6.00%,American Porter,3.65,Good,Rotating,07-14-2017
127 Brewing Company,Jazzberry,Michigan,7.70%,Fruit / Vegetable Beer,3.25,Okay,Rotating,06-03-2014
127 Brewing Company,Midnight Stout,Michigan,6.60%,American Stout,3.99,Very Good,Rotating,07-14-2017
127 Brewing Company,Out O' Town Brown,Michigan,7.90%,American Brown Ale,3.96,Very Good,Rotating,07-14-2017
127 Brewing Company,Polar Vortex Wheat,Michigan,7.10%,Hefeweizen,3.84,Very Good,Year-round,06-03-2014
127 Brewing Company,Pothole Porter,Michigan,5.80%,American Porter,3.75,Very Good,Rotating,06-03-2014
12Degree Brewing,48 Hours,Colorado,7.20%,American Blonde Ale,4.25,Outstanding,Rotating,01-18-2016
12Degree Brewing,Batch 10,Colorado,6.40%,Belgian Pale Ale,3.75,Very Good,Rotating,11-10-2013
12Degree Brewing,Brabant Tripel,Colorado,9.20%,Tripel,3.62,Good,Rotating,10-04-2013
12Degree Brewing,Cerberus,Colorado,8.00%,Belgian Strong Pale Ale,4.04,Exceptional,Rotating,07-23-2015
12Degree Brewing,Citra Self Down,Colorado,7.20%,Belgian Pale Ale,3.6,Good,Rotating,07-23-2015
12Degree Brewing,Crimson Fog,Colorado,11.00%,Quadrupel (Quad),0,,Rotating,12-07-2015
12Degree Brewing,Foxx Rougge,Colorado,8.50%,Belgian Strong Dark Ale,3.78,Very Good,Rotating,10-04-2013
12Degree Brewing,Hayride Saison,Colorado,6.50%,Saison / Farmhouse Ale,4.12,Exceptional,Fall,11-10-2013
12Degree Brewing,Inconceivable,Colorado,6.70%,American IPA,4.06,Exceptional,Fall,10-27-2016
12Degree Brewing,Levi’s Tripel,Colorado,9.20%,Tripel,0,,Rotating,12-07-2015
12Degree Brewing,Midnight Fog,Colorado,9.60%,Quadrupel (Quad),4.31,Outstanding,Rotating,09-28-2014
12Degree Brewing,Outlier,Colorado,6.50%,Belgian IPA,0,,Rotating,12-07-2015
12Degree Brewing,Pommy Mowgli,Colorado,7.30%,Saison / Farmhouse Ale,4.25,Outstanding,Rotating,07-23-2015
12Degree Brewing,Pommy White,Colorado,5.70%,Witbier,4.25,Outstanding,Rotating,09-28-2014
12Degree Brewing,Red Giant,Colorado,6.50%,Saison / Farmhouse Ale,4.25,Outstanding,Rotating,01-18-2016
12Degree Brewing,Sleigh Ride,Colorado,7.30%,Saison / Farmhouse Ale,4.25,Outstanding,Rotating,01-18-2016
12Degree Brewing,Soleil Saison,Colorado,6.50%,Saison / Farmhouse Ale,3.91,Very Good,Rotating,10-04-2013
12Degree Brewing,Sorach,Colorado,7.80%,Saison / Farmhouse Ale,0,,Rotating,10-04-2013
12Degree Brewing,Sorach L'Orange,Colorado,7.80%,Saison / Farmhouse Ale,4,Exceptional,Rotating,10-04-2013
12Degree Brewing,Treachery,Colorado,not listed,Belgian Strong Pale Ale,4.12,Exceptional,Rotating,05-30-2016
12Degree Brewing,Utepils Saison,Colorado,6.30%,Saison / Farmhouse Ale,0,,Rotating,12-07-2015
12Degree Brewing,Velour Fog,Colorado,11.00%,Quadrupel (Quad),4,Exceptional,Rotating,11-10-2013
12Degree Brewing,Walter's White,Colorado,5.70%,Witbier,3.75,Very Good,Rotating,10-04-2013
12Degree Brewing,WFBPA,Colorado,6.30%,Belgian Pale Ale,4.25,Outstanding,Rotating,07-03-2014
12th Abbey Brewing Company,12th Abbey IPA,Ireland,4.80%,American IPA,4.03,Exceptional,Year-round,01-11-2015
12th Abbey Brewing Company,Altered Amber,Ireland,not listed,American Amber / Red Ale,0,,Year-round,03-25-2015
12th Abbey Brewing Company,Raven Stout,Ireland,not listed,Irish Dry Stout,0,,Year-round,03-25-2015
12welve Eyes Brewing,2wice IIPA,Minnesota,8.10%,American Double / Imperial IPA,0,,Rotating,11-07-2017
12welve Eyes Brewing,Belgian Pale Ale,Minnesota,5.00%,Belgian Pale Ale,3.33,Okay,Rotating,07-25-2017
12welve Eyes Brewing,Black IPA,Minnesota,4.60%,American IPA,3.75,Very Good,Rotating,08-29-2017
12welve Eyes Brewing,Blackberry St Paul Ale,Minnesota,5.00%,American Pale Ale (APA),0,,Limited (brewed once),09-09-2017
12welve Eyes Brewing,Cataracts,Minnesota,6.00%,American IPA,0,,Rotating,12-31-2017
12welve Eyes Brewing,CITRA SMaSH IPA,Minnesota,5.00%,American IPA,3.9,Very Good,Rotating,08-04-2017
12welve Eyes Brewing,Coconut Milk Stout,Minnesota,5.40%,Milk / Sweet Stout,0,,Rotating,12-31-2017
12welve Eyes Brewing,Cranberry Berliner Weisse,Minnesota,4.30%,Berliner Weissbier,0,,Limited (brewed once),09-25-2017
12welve Eyes Brewing,Cream Ale,Minnesota,5.30%,Cream Ale,4,Exceptional,Rotating,06-20-2017
12welve Eyes Brewing,Cwambewwy,Minnesota,4.30%,Berliner Weissbier,0,,Rotating,10-06-2017
12welve Eyes Brewing,Dry-Hopped Citra Sour,Minnesota,5.00%,American Wild Ale,0,,Limited (brewed once),11-12-2017
12welve Eyes Brewing,Dry-Hopped Hefeweizen,Minnesota,5.00%,Hefeweizen,3.81,Very Good,Rotating,07-27-2017
12welve Eyes Brewing,Ethel Beavers,Minnesota,5.30%,American Amber / Red Ale,3.63,Good,Rotating,08-26-2017
12welve Eyes Brewing,Grapefruit Saint Paul Ale,Minnesota,5.00%,American Pale Ale (APA),0,,Limited (brewed once),11-12-2017
12welve Eyes Brewing,He Likes It Cold,Minnesota,6.80%,Smoked Beer,0,,Limited (brewed once),11-12-2017
12welve Eyes Brewing,Hull Melon SMaSH IPA,Minnesota,5.60%,American IPA,0,,Limited (brewed once),09-21-2017
12welve Eyes Brewing,Kiwi Berliner Weisse,Minnesota,4.50%,Berliner Weissbier,4,Exceptional,Limited (brewed once),09-09-2017
12welve Eyes Brewing,Legacy Chocolate Stout,Minnesota,7.10%,American Stout,4.02,Exceptional,Rotating,07-25-2017
12welve Eyes Brewing,Lemon Hefeweizen,Minnesota,4.60%,Hefeweizen,3.16,Okay,Rotating,08-29-2017
12welve Eyes Brewing,LIL bUZI VERT,Minnesota,not listed,English Barleywine,0,,Fall,09-25-2017
12welve Eyes Brewing,Lowertown IPA,Minnesota,5.50%,American IPA,3.75,Very Good,Rotating,07-27-2017
12welve Eyes Brewing,Mango Milkshake IPA,Minnesota,5.10%,American IPA,0,,Limited (brewed once),12-31-2017
12welve Eyes Brewing,Mighty Axe Single Hop - Zeus,Minnesota,6.00%,American IPA,0,,Limited (brewed once),12-31-2017
12welve Eyes Brewing,Milk Stout,Minnesota,5.50%,Milk / Sweet Stout,3.87,Very Good,Rotating,08-29-2017
12welve Eyes Brewing,Mosaic Wheat IPA,Minnesota,6.10%,American IPA,3.97,Very Good,Rotating,07-25-2017
12welve Eyes Brewing,Oktoberfest,Minnesota,5.50%,Märzen / Oktoberfest,0,,Fall,09-25-2017
12welve Eyes Brewing,Peach Cobbler Cream Ale,Minnesota,5.50%,Cream Ale,4.14,Exceptional,Limited (brewed once),11-12-2017
12welve Eyes Brewing,Simcoe SMaSH IPA,Minnesota,5.80%,American IPA,0,,Limited (brewed once),11-12-2017
12welve Eyes Brewing,Squashy Spice,Minnesota,5.50%,American Stout,4,Exceptional,Limited (brewed once),10-06-2017
12welve Eyes Brewing,St. Paul Pale Ale,Minnesota,5.00%,American Pale Ale (APA),3.69,Good,Year-round,07-27-2017
12welve Eyes Brewing,Summer Brown Ale,Minnesota,5.30%,American Brown Ale,3.87,Very Good,Summer,08-19-2017
12welve Eyes Brewing,Trillsner,Minnesota,5.40%,Czech Pilsener,3.89,Very Good,Rotating,09-02-2017
12welve Eyes Brewing,Vienna Lager,Minnesota,5.10%,Vienna Lager,0,,Limited (brewed once),11-12-2017
12welve Eyes Brewing,Wiiiiiiiiit,Minnesota,5.40%,Witbier,3.88,Very Good,Rotating,08-19-2017
13 Below Brewery,Confused 13,Ohio,7.60%,American Brown Ale,0,,Rotating,10-01-2017
13 Below Brewery,Fall Ale,Ohio,5.60%,Märzen / Oktoberfest,0,,Rotating,10-01-2017
13 Below Brewery,Golden Ale,Ohio,5.00%,American Blonde Ale,0,,Rotating,10-01-2017
13 Below Brewery,Lock & Dam #37,Ohio,6.90%,Scotch Ale / Wee Heavy,0,,Rotating,10-01-2017
13 Below Brewery,Porter,Ohio,4.90%,American Porter,3.27,Okay,Rotating,10-01-2017
13 Below Brewery,Rail & River,Ohio,5.40%,English Porter,0,,Rotating,10-01-2017
13 Below Brewery,River Castle,Ohio,5.80%,American Amber / Red Ale,0,,Rotating,10-01-2017
13 Below Brewery,Session IPA,Ohio,4.50%,American IPA,0,,Rotating,10-01-2017
13 Below Brewery,West Coast IPA,Ohio,7.30%,American IPA,1.85,Awful,Rotating,10-01-2017
13 Below Brewery,White Ale,Ohio,6.90%,Witbier,3.44,Okay,Rotating,10-01-2017
13 Stripes Brewery,Freedom Juice,South Carolina,10.50%,American Double / Imperial IPA,4.5,World-Class,Limited (brewed once),01-03-2018
13 Stripes Brewery,Oppose The Tyrant Rye IPA,South Carolina,7.00%,American IPA,3.97,Very Good,Rotating,08-24-2017
13 Virtues Brewing Co.,"Ray Brown" Porter,Oregon,5.80%,American Porter,3.28,Okay,Year-round,04-09-2015
13 Virtues Brewing Co.,'77 Stout,Oregon,7.70%,American Stout,0,,Rotating,04-09-2015
13 Virtues Brewing Co.,45th Parallel IPA,Oregon,6.50%,American IPA,0,,Year-round,04-09-2015
13 Virtues Brewing Co.,Baltic Porter,Oregon,8.00%,Baltic Porter,3.98,Very Good,Rotating,04-09-2015
13 Virtues Brewing Co.,Blue-Eyed Belgian Blonde,Oregon,7.50%,Belgian Pale Ale,3.77,Very Good,Rotating,04-09-2015
13 Virtues Brewing Co.,Blue-Eyed Belgian Blonde - Pinot Noir Barrel Aged,Oregon,7.50%,Belgian Pale Ale,0,,Rotating,04-09-2015
13 Virtues Brewing Co.,Bridgetown Brown,Oregon,6.00%,English Brown Ale,0,,Rotating,04-09-2015
13 Virtues Brewing Co.,Cold Spice Habañero Rye,Oregon,5.00%,Chile Beer,4.59,World-Class,Year-round,04-09-2015
13 Virtues Brewing Co.,Defenestrator Doppelbock,Oregon,8.20%,Doppelbock,0,,Rotating,04-09-2015
13 Virtues Brewing Co.,Fresh Hop With Pop,Oregon,6.40%,American Pale Ale (APA),0,,Rotating,04-09-2015
13 Virtues Brewing Co.,Helles Having No Beer,Oregon,5.00%,Munich Helles Lager,0,,Rotating,04-09-2015
13 Virtues Brewing Co.,Hoptimal Results Imperial IPA,Oregon,9.50%,American Double / Imperial IPA,3.59,Good,Rotating,04-09-2015
13 Virtues Brewing Co.,Jean-Claude Van Damn!,Oregon,10.50%,Belgian Strong Dark Ale,0,,Rotating,04-09-2015
13 Virtues Brewing Co.,Jean-Claude Van Damn! - Pinot Noir Barrel Aged,Oregon,10.50%,Belgian Strong Dark Ale,0,,Rotating,04-09-2015
13 Virtues Brewing Co.,Magic Mile Marzen,Oregon,6.00%,Märzen / Oktoberfest,0,,Rotating,04-09-2015
13 Virtues Brewing Co.,MAX Stout Imperial Stout,Oregon,10.50%,American Double / Imperial IPA,0,,Rotating,04-09-2015
13 Virtues Brewing Co.,Mildfire,Oregon,4.80%,English Dark Mild Ale,0,,Year-round,04-09-2015
13 Virtues Brewing Co.,Milwaukie's Better Pilsner,Oregon,5.00%,American Pale Lager,3.77,Very Good,Year-round,04-09-2015
13 Virtues Brewing Co.,Patience - Bourbon Barrel Imperial Stout,Oregon,10.50%,American Double / Imperial Stout,4.26,Outstanding,Rotating,04-09-2015
13 Virtues Brewing Co.,Paultoberfest,Oregon,5.20%,Märzen / Oktoberfest,0,,Rotating,04-09-2015
13 Virtues Brewing Co.,Rainy Day CDA,Oregon,7.80%,American Black Ale,4,Exceptional,Year-round,04-09-2015
13 Virtues Brewing Co.,Rip City Red,Oregon,6.00%,American Amber / Red Ale,0,,Year-round,04-09-2015
13 Virtues Brewing Co.,Say Dunkel!,Oregon,5.50%,Euro Dark Lager,3.59,Good,Rotating,01-12-2016
13 Virtues Brewing Co.,Schwarzberry,Oregon,5.80%,Schwarzbier,4.08,Exceptional,Rotating,04-09-2015
13 Virtues Brewing Co.,Sellwood Lager,Oregon,5.00%,American Adjunct Lager,0,,Year-round,04-09-2015
13 Virtues Brewing Co.,Traverse Cherry Wit,Oregon,6.00%,Witbier,3.94,Very Good,Rotating,04-09-2015
13 Virtues Brewing Co.,Westmoreland White Belgian IPA,Oregon,6.80%,Belgian IPA,3.46,Okay,Rotating,04-09-2015
13 Virtues Brewing Co.,Westmoreland Winter IPA,Oregon,6.50%,American IPA,0,,Winter,04-09-2015
13 Virtues Brewing Co.,Woozy Weizenbock,Oregon,8.00%,Weizenbock,4.03,Exceptional,Rotating,04-09-2015
13 Virtues Brewing Co.,You Down With OPP? Orange Peel Pale,Oregon,5.00%,American Pale Ale (APA),3.53,Good,Year-round,04-09-2015
14 Cannons,14 Cannons Pale Ale,California,5.50%,American Pale Ale (APA),4.25,Outstanding,Year-round,10-08-2017
14 Cannons,Bestlake Blonde,California,5.00%,American Blonde Ale,4.25,Outstanding,Year-round,10-08-2017
14 Cannons,Marooner Marzen,California,5.30%,Märzen / Oktoberfest,4.25,Outstanding,Fall,10-08-2017
14 Cannons,Peanut Butter Cup Dessert Ale,California,7.50%,Milk / Sweet Stout,4.4,Outstanding,Year-round,09-23-2017
14 Cannons,Slippery Deck,California,10.50%,American Double / Imperial IPA,4,Exceptional,Year-round,09-23-2017
14 Cannons,Spice Island,California,5.50%,American Brown Ale,4.75,World-Class,Year-round,09-23-2017
14 Cannons,Tyrannicide,California,7.50%,American IPA,4.14,Exceptional,Year-round,09-23-2017
14 Cannons,Weathered Sail,California,6.20%,American Stout,4,Exceptional,Year-round,09-23-2017
14 Lakes Brewery,Arnie's Amber,Minnesota,5.10%,American Amber / Red Lager,0,,Year-round,09-30-2017
14 Lakes Brewery,Big Island DIPA,Minnesota,8.90%,American Double / Imperial IPA,0,,Rotating,09-30-2017
14 Lakes Brewery,Little Pine Pale Ale,Minnesota,6.00%,American Pale Ale (APA),0,,Year-round,09-30-2017
14er Brewing Company,Double Mt. Massive,Colorado,8.30%,American Double / Imperial IPA,3.84,Very Good,Rotating,01-24-2017
14er Brewing Company,Key Lime Pie Cream Ale,Colorado,5.10%,Cream Ale,3.67,Good,Rotating,10-30-2017
14er Brewing Company,Maroon Bells,Colorado,5.25%,American Pale Ale (APA),3.46,Okay,Year-round,09-11-2016
14er Brewing Company,Mt Massive IPA,Colorado,6.50%,American IPA,3.73,Good,Year-round,08-08-2016
14er Brewing Company,Rocky Mtn Saison,Colorado,5.25%,Saison / Farmhouse Ale,3.53,Good,Rotating,12-24-2016
14er Brewing Company,Russian Imperial Stout,Colorado,11.00%,Russian Imperial Stout,4.1,Exceptional,Limited (brewed once),05-04-2017
14th Star Brewing Co.,11 Bravo,Vermont,5.20%,American Blonde Ale,3.74,Good,Limited (brewed once),04-10-2017
14th Star Brewing Co.,1493,Vermont,6.20%,American Pale Ale (APA),3.94,Very Good,Rotating,10-10-2013
14th Star Brewing Co.,American IPA,Vermont,6.10%,American IPA,3.68,Good,Winter,12-28-2014
14th Star Brewing Co.,B-72,Vermont,8.00%,American Double / Imperial IPA,4.33,Outstanding,Limited (brewed once),05-01-2017
14th Star Brewing Co.,BCG Black IPA,Vermont,7.20%,American IPA,3.75,Very Good,Rotating,02-05-2017
14th Star Brewing Co.,Beat The Winter Brews,Vermont,5.20%,American Pale Lager,3.94,Very Good,Limited (brewed once),04-16-2017
14th Star Brewing Co.,Belgian Pale Ale,Vermont,5.30%,Belgian Pale Ale,3.67,Good,Spring,06-07-2014
14th Star Brewing Co.,Berliner Weiss,Vermont,3.50%,Berliner Weissbier,3.83,Very Good,Rotating,07-20-2014
14th Star Brewing Co.,Bourbon Barrel Aged Imperial Stout,Vermont,10.80%,American Double / Imperial Stout,4.82,World-Class,Limited (brewed once),12-06-2017
14th Star Brewing Co.,Chocolate Cherry Stout,Vermont,6.60%,American Stout,3.99,Very Good,Winter,06-10-2017
14th Star Brewing Co.,Double Honey,Vermont,8.40%,American Double / Imperial IPA,0,,Rotating,06-23-2014
14th Star Brewing Co.,Double IPA,Vermont,7.80%,American Double / Imperial IPA,3.87,Very Good,Rotating,10-10-2013
14th Star Brewing Co.,Follow Me (Norwich Bicentennial Series),Vermont,4.50%,American Blonde Ale,3.75,Very Good,Limited (brewed once),06-22-2017
14th Star Brewing Co.,Gallantry,Vermont,5.60%,American Pale Ale (APA),3.5,Good,Rotating,06-23-2014
14th Star Brewing Co.,Golden Wheat,Vermont,6.00%,American Blonde Ale,3.66,Good,Year-round,10-10-2013
14th Star Brewing Co.,Harvest Brown Ale,Vermont,5.00%,American Brown Ale,3.54,Good,Winter,10-10-2013
14th Star Brewing Co.,Honey IPA,Vermont,6.70%,American IPA,3.75,Very Good,Year-round,10-10-2013
14th Star Brewing Co.,Legacy (Norwich Bicentennial Series),Vermont,5.50%,Hefeweizen,3.75,Very Good,Limited (brewed once),10-25-2017
14th Star Brewing Co.,Make The Cut: Fruited Sour (Squeeze The Day),Vermont,6.30%,American Wild Ale,4.23,Exceptional,Limited (brewed once),06-10-2017
14th Star Brewing Co.,Make The Cut: Little Bear Brown Beer,Vermont,5.90%,American Brown Ale,3.99,Very Good,Limited (brewed once),06-22-2017
14th Star Brewing Co.,Make The Cut: New England IPA (Disco Montage),Vermont,6.50%,American IPA,4,Exceptional,Limited (brewed once),06-22-2017
14th Star Brewing Co.,Maple Breakfast Stout,Vermont,5.50%,American Stout,3.79,Very Good,Rotating,10-10-2013
14th Star Brewing Co.,Maple IPA,Vermont,7.00%,American IPA,4.23,Exceptional,Rotating,10-10-2013
14th Star Brewing Co.,Maple Wheat,Vermont,4.50%,American Pale Wheat Ale,0,,Rotating,10-10-2013
14th Star Brewing Co.,Naked Maple,Vermont,7.70%,Smoked Beer,0,,Limited (brewed once),05-01-2017
14th Star Brewing Co.,Oktoberfest,Vermont,4.80%,Märzen / Oktoberfest,3.68,Good,Fall,10-15-2016
14th Star Brewing Co.,Peppermint Paddy,Vermont,6.40%,American Stout,4,Exceptional,Limited (brewed once),06-22-2017
14th Star Brewing Co.,Polaris,Vermont,6.30%,American IPA,3.5,Good,Limited (brewed once),06-22-2017
14th Star Brewing Co.,Pursuit Of Happiness,Vermont,5.90%,American Stout,4.05,Exceptional,Rotating,12-06-2015
14th Star Brewing Co.,Quad D'erable,Vermont,9.00%,Quadrupel (Quad),3.92,Very Good,Rotating,07-20-2014
14th Star Brewing Co.,Recruit,Vermont,5.20%,American Blonde Ale,3.86,Very Good,Limited (brewed once),05-01-2017
14th Star Brewing Co.,Roasted Porter,Vermont,5.80%,American Porter,0,,Winter,10-10-2013
14th Star Brewing Co.,The Collaborator Maple Maibock,Vermont,7.20%,Maibock / Helles Bock,4.03,Exceptional,Limited (brewed once),05-01-2017
14th Star Brewing Co.,Tribute Double India Pale Ale,Vermont,8.10%,American Double / Imperial IPA,4.17,Exceptional,Year-round,03-14-2014
14th Star Brewing Co.,Triple Digits,Vermont,9.99%,American Double / Imperial IPA,3.9,Very Good,Limited (brewed once),07-06-2017
14th Star Brewing Co.,Valor Ale,Vermont,5.40%,American Amber / Red Ale,3.7,Good,Year-round,07-27-2013
14th Star Brewing Co.,Vermonter Weiss,Vermont,3.40%,Berliner Weissbier,3.86,Very Good,Summer,07-21-2017
14th Star Brewing Co.,Who's Barb,Vermont,5.20%,American Blonde Ale,3.58,Good,Rotating,02-05-2017
1516 Brewing Company,1516 Lager,Austria,not listed,Munich Helles Lager,3.58,Good,Year-round,10-14-2006
1516 Brewing Company,1516 Porter,Austria,not listed,English Porter,3.75,Very Good,Rotating,12-16-2015
1516 Brewing Company,1516 Shandy,Austria,not listed,Fruit / Vegetable Beer,3.25,Okay,Year-round,04-26-2014
1516 Brewing Company,1516 Weisse,Austria,not listed,Hefeweizen,3.79,Very Good,Year-round,05-31-2008
1516 Brewing Company,HopBit,Austria,not listed,American Pale Ale (APA),3.74,Good,Summer,07-28-2013
1516 Brewing Company,No-Nonsense,Austria,not listed,American Pale Ale (APA),3.68,Good,Rotating,07-28-2015
1516 Brewing Company,NZ Victory Hop Devil IPA,Austria,6.70%,American IPA,4,Exceptional,Year-round,02-02-2007
1516 Brewing Company,Slipper Pale Ale,Austria,5.20%,American Pale Ale (APA),3.4,Okay,Rotating,11-06-2015
1516 Pub & Craft Brewery / Two Capitals,American I.P.A.,Russian Federation,4.50%,American IPA,0,,Year-round,12-08-2015
1516 Pub & Craft Brewery / Two Capitals,American Pale Ale,Russian Federation,5.50%,American Pale Ale (APA),4.5,World-Class,Year-round,12-08-2015
1516 Pub & Craft Brewery / Two Capitals,Black Swan,Russian Federation,8.50%,Russian Imperial Stout,4,Exceptional,Year-round,12-08-2015
1516 Pub & Craft Brewery / Two Capitals,Blond Ale,Russian Federation,6.50%,Belgian Pale Ale,4.12,Exceptional,Year-round,04-13-2017
1516 Pub & Craft Brewery / Two Capitals,DIPA,Russian Federation,7.50%,American Double / Imperial IPA,4.65,World-Class,Year-round,04-13-2017
1516 Pub & Craft Brewery / Two Capitals,Lazy Jack,Russian Federation,4.90%,American Pale Wheat Ale,3.38,Okay,Rotating,07-22-2015
1516 Pub & Craft Brewery / Two Capitals,Lemoncello Saison,Russian Federation,4.50%,Saison / Farmhouse Ale,4,Exceptional,Year-round,12-08-2015
1516 Pub & Craft Brewery / Two Capitals,Pilsner,Russian Federation,4.80%,German Pilsener,3.5,Good,Year-round,12-08-2015
1516 Pub & Craft Brewery / Two Capitals,Porter,Russian Federation,7.00%,English Porter,4,Exceptional,Year-round,04-13-2017
1516 Pub & Craft Brewery / Two Capitals,Stout,Russian Federation,5.60%,English Stout,4,Exceptional,Year-round,12-08-2015
16 Lots Brewing Company,1803,Ohio,5.60%,American Pale Ale (APA),0,,Year-round,09-17-2017
16 Lots Brewing Company,Homestead,Ohio,5.00%,American Amber / Red Ale,4.04,Exceptional,Year-round,09-17-2017
16 Lots Brewing Company,Muddy Creek,Ohio,5.10%,Oatmeal Stout,3.64,Good,Year-round,09-17-2017
16 Lots Brewing Company,The Major,Ohio,5.20%,German Pilsener,0,,Year-round,09-17-2017
16 Lots Brewing Company,Treaty,Ohio,5.80%,American Pale Wheat Ale,3.53,Good,Year-round,09-17-2017
16 Lots Brewing Company,War Horse,Ohio,7.00%,American IPA,0,,Year-round,09-17-2017
